1,20260126,PGN,SWL,8BT
1,20260126,ADB,ICB,ADM
1,20260126,CRA,CPO,ANC
1,20260126,BLK,SSD,BSS
1,20260126,HHS,SKP,KRA
1,20260126,DIH,SSS,SHR
1,20260126,PKT,SRF,GRY
1,20260126,RTR,RTR,T4B
1,20260126,TBT,TBT,T4B
1,20260126,TRL,TRL,T4B
1,20260126,BAD,BAD,AAB
1,20260126,DSV,DSV,AAB
1,20260126,PBR,PBR,AAB
1,20260126,KNR,KNR,GPA
1,20260126,SCN,SCN,GPA
1,20260126,TWC,TWC,GPA
1,20260126,DOG,DOG,HND
1,20260126,LAS,LAS,IBX
1,20260126,PYC,PYC,IBX
1,20260126,POW,POW,IBX
1,20260126,DTP,DTP,JUP
1,20260126,FBP,FBP,JUP
1,20260126,JMF,JMF,JUP
1,20260126,NLT,NLT,OLF
1,20260126,RMS,RMS,RAY
1,20260126,TTT,TTT,STN
1,20260126,NMC,NMC,TWP
1,20260126,ETB,ETB,TDN
1,20260126,SHK,SHK,WAT
